{"loss": [2608.442626953125, 2606.619140625, 2604.534423828125, 2602.18359375, 2599.60009765625, 2596.721923828125, 2593.4697265625, 2589.747802734375, 2585.4755859375, 2580.564453125, 2574.922119140625, 2568.48095703125, 2561.150146484375, 2552.8115234375, 2543.298095703125, 2532.49609375, 2520.360595703125, 2506.841552734375, 2491.9755859375, 2475.88134765625, 2458.74072265625, 2440.781982421875, 2422.24365234375, 2403.200927734375, 2384.01513671875, 2365.03125, 2346.562255859375, 2328.9990234375, 2312.693115234375, 2297.966552734375, 2284.989501953125, 2273.8603515625, 2264.54541015625, 2256.8818359375, 2250.626708984375, 2245.468994140625, 2241.096435546875, 2237.20849609375, 2233.61279296875, 2230.156494140625, 2226.730712890625, 2223.265380859375, 2219.71240234375, 2215.98828125, 2212.021728515625, 2207.7841796875, 2203.341552734375, 2198.757080078125, 2194.11328125, 2189.42333984375, 2184.648681640625, 2179.788818359375, 2174.82373046875, 2169.73046875, 2164.549560546875, 2159.26708984375, 2153.857421875, 2148.291748046875, 2142.5546875, 2136.6162109375, 2130.37939453125, 2123.883056640625, 2117.244384765625, 2110.55615234375, 2103.814208984375, 2097.023681640625, 2090.166259765625, 2083.249267578125, 2076.256103515625, 2069.2021484375, 2062.10009765625, 2054.954833984375, 2047.76611328125, 2040.5374755859375, 2033.293212890625, 2026.0247802734375, 2018.743896484375, 2011.4786376953125, 2004.2161865234375, 1996.9739990234375, 1989.7615966796875, 1982.5958251953125, 1975.4881591796875, 1968.4395751953125, 1961.462890625, 1954.5670166015625, 1947.761962890625, 1941.057861328125, 1934.4625244140625, 1927.9884033203125, 1921.6419677734375, 1915.4296875, 1909.341796875, 1903.352294921875, 1897.5279541015625, 1891.8426513671875, 1886.3079833984375, 1880.9180908203125, 1875.6861572265625, 1870.614990234375], "val_loss": [2793.1591796875, 2791.035400390625, 2788.61865234375, 2785.99560546875, 2783.10009765625, 2779.822998046875, 2776.1025390625, 2771.85107421875, 2766.972900390625, 2761.388916015625, 2755.01904296875, 2747.77685546875, 2739.56884765625, 2730.231689453125, 2719.4853515625, 2707.335205078125, 2693.72412109375, 2678.643798828125, 2662.164306640625, 2644.4072265625, 2625.58935546875, 2606.01171875, 2585.784912109375, 2565.134521484375, 2544.47265625, 2524.10888671875, 2504.4228515625, 2485.80615234375, 2468.63623046875, 2453.062255859375, 2439.3505859375, 2427.52685546875, 2417.543701171875, 2409.18994140625, 2402.1650390625, 2396.173095703125, 2390.91064453125, 2386.156005859375, 2381.7119140625, 2377.450439453125, 2373.27197265625, 2369.075927734375, 2364.82568359375, 2360.435791015625, 2355.8251953125, 2350.9814453125, 2345.947998046875, 2340.844970703125, 2335.72021484375, 2330.507568359375, 2325.191162109375, 2319.767822265625, 2314.310791015625, 2308.619384765625, 2302.78759765625, 2296.823486328125, 2290.750732421875, 2284.50341796875, 2277.935302734375, 2271.021240234375, 2263.7958984375, 2256.35498046875, 2248.825927734375, 2241.22998046875, 2233.605712890625, 2225.8681640625, 2218.031982421875, 2210.067626953125, 2202.01123046875, 2193.872314453125, 2185.65185546875, 2177.3427734375, 2168.974365234375, 2160.565673828125, 2152.089111328125, 2143.570556640625, 2135.053955078125, 2126.505615234375, 2117.94921875, 2109.396240234375, 2100.875732421875, 2092.398681640625, 2083.970947265625, 2075.60107421875, 2067.2978515625, 2059.087646484375, 2050.96533203125, 2042.9520263671875, 2035.0484619140625, 2027.267333984375, 2019.6119384765625, 2012.088134765625, 2004.724365234375, 1997.592041015625, 1990.4559326171875, 1983.545654296875, 1976.831787109375, 1970.256103515625, 1963.8255615234375, 1957.5843505859375]}