{"loss": [2685.68212890625, 2684.569091796875, 2683.578125, 2682.662353515625, 2681.76220703125, 2680.87744140625, 2679.951416015625, 2678.99951171875, 2678.004638671875, 2676.94482421875, 2675.77734375, 2674.47998046875, 2673.01904296875, 2671.369140625, 2669.502685546875, 2667.35400390625, 2664.839111328125, 2661.83056640625, 2658.266845703125, 2654.133056640625, 2649.42431640625, 2644.13037109375, 2638.199462890625, 2631.60009765625, 2624.30859375, 2616.28466796875, 2607.5068359375, 2597.962890625, 2587.66552734375, 2576.62939453125, 2564.900146484375, 2552.57373046875, 2539.720458984375, 2526.4296875, 2512.82958984375, 2499.07470703125, 2485.32177734375, 2471.70654296875, 2458.34912109375, 2445.455078125, 2433.14892578125, 2421.630859375, 2411.00634765625, 2401.3740234375, 2392.68701171875, 2384.97802734375, 2378.21728515625, 2372.309814453125, 2367.152587890625], "val_loss": [746.0135498046875, 745.6063232421875, 745.235595703125, 744.9107666015625, 744.615234375, 744.3499145507812, 744.1151733398438, 743.886474609375, 743.6486206054688, 743.3790893554688, 743.0763549804688, 742.7325439453125, 742.3499755859375, 741.9031372070312, 741.3737182617188, 740.7316284179688, 739.9645385742188, 738.9407348632812, 737.6858520507812, 736.3377075195312, 734.8264770507812, 733.1473388671875, 731.2737426757812, 729.1856689453125, 726.8634033203125, 724.3326416015625, 721.5730590820312, 718.6041870117188, 715.459228515625, 712.1946411132812, 708.8906860351562, 705.6422119140625, 702.5556030273438, 699.6932373046875, 697.1212768554688, 694.9214477539062, 693.1550903320312, 691.9305419921875, 691.3388061523438, 691.46533203125, 692.3582153320312, 693.9552612304688, 696.2943115234375, 699.2446899414062, 702.52734375, 706.1163330078125, 710.0635375976562, 714.0315551757812, 718.0523681640625]}